symbol,timestamp,open,high,low,close,adj_close,volume
DEMO,2024-02-14T03:45:00Z,1453.81,1462.01,1406.71,1414.69,1414.69,1284413
DEMO,2024-02-15T03:45:00Z,1414.12,1419.96,1401.59,1407.4,1407.4,1228268
DEMO,2024-02-16T03:45:00Z,1410.28,1419.26,1391.84,1400.76,1400.76,1323770
DEMO,2024-02-19T03:45:00Z,1406.52,1417.33,1397.58,1408.38,1408.38,954142
DEMO,2024-02-20T03:45:00Z,1412.01,1421.26,1395.12,1404.32,1404.32,938611
DEMO,2024-02-21T03:45:00Z,1395.51,1404.68,1388.2,1397.36,1397.36,1190180
DEMO,2024-02-22T03:45:00Z,1399.95,1407.42,1353.68,1360.94,1360.94,1133166
DEMO,2024-02-23T03:45:00Z,1364.3,1379.95,1356.61,1372.22,1372.22,1544420
DEMO,2024-02-26T03:45:00Z,1366.07,1375.68,1360.31,1369.9,1369.9,961864
DEMO,2024-02-27T03:45:00Z,1373.06,1419.84,1364.06,1410.59,1410.59,1626344
DEMO,2024-02-28T03:45:00Z,1410.48,1422.33,1385.7,1397.45,1397.45,1743423
DEMO,2024-02-29T03:45:00Z,1397.88,1427.61,1385.89,1415.48,1415.48,879802
DEMO,2024-03-01T03:45:00Z,1417.12,1467.41,1409.04,1459.1,1459.1,1279575
DEMO,2024-03-04T03:45:00Z,1464.62,1473.91,1436.59,1445.77,1445.77,1659284
DEMO,2024-03-05T03:45:00Z,1446.18,1460.68,1436.67,1451.14,1451.14,1280843
DEMO,2024-03-06T03:45:00Z,1447.14,1467.43,1437.26,1457.48,1457.48,964121
DEMO,2024-03-07T03:45:00Z,1456.45,1466.48,1438.5,1448.47,1448.47,803124
DEMO,2024-03-08T03:45:00Z,1448.23,1472.96,1439.06,1463.7,1463.7,1809764
DEMO,2024-03-11T03:45:00Z,1464.27,1491.82,1451.4,1478.83,1478.83,1059857
DEMO,2024-03-12T03:45:00Z,1482.14,1537.89,1473.3,1528.77,1528.77,1508607
DEMO,2024-03-13T03:45:00Z,1526.11,1531.93,1496.45,1502.19,1502.19,1227899
DEMO,2024-03-14T03:45:00Z,1499.26,1523.6,1491.48,1515.73,1515.73,1561545
DEMO,2024-03-15T03:45:00Z,1506.42,1552.66,1497.64,1543.66,1543.66,1656600
DEMO,2024-03-18T03:45:00Z,1548.28,1559.78,1538.54,1550.02,1550.02,765088
DEMO,2024-03-19T03:45:00Z,1547.65,1560.08,1536.3,1548.73,1548.73,1103678
DEMO,2024-03-20T03:45:00Z,1554.6,1594.36,1548.75,1588.38,1588.38,943883
DEMO,2024-03-21T03:45:00Z,1592.95,1597.54,1568.85,1573.38,1573.38,1345805
DEMO,2024-03-22T03:45:00Z,1567.57,1583.43,1556.17,1571.99,1571.99,952525
DEMO,2024-03-25T03:45:00Z,1570.78,1590.05,1561.35,1580.56,1580.56,746369
DEMO,2024-03-26T03:45:00Z,1583.88,1598.24,1553.33,1567.55,1567.55,1327826
DEMO,2024-03-27T03:45:00Z,1567.48,1577.78,1559.34,1569.64,1569.64,2471844
DEMO,2024-03-28T03:45:00Z,1563.73,1574.57,1523.17,1533.8,1533.8,1622607
DEMO,2024-03-29T03:45:00Z,1542.11,1557.36,1532.74,1547.96,1547.96,1085173
DEMO,2024-04-01T03:45:00Z,1544.48,1562.94,1532.86,1551.27,1551.27,1722068
DEMO,2024-04-02T03:45:00Z,1554.75,1558.75,1514.18,1518.1,1518.1,1062872
DEMO,2024-04-03T03:45:00Z,1525.75,1536.95,1512.92,1524.12,1524.12,1532340
DEMO,2024-04-04T03:45:00Z,1526.75,1551.18,1514.67,1539.01,1539.01,758126
DEMO,2024-04-05T03:45:00Z,1539.89,1544.43,1524.27,1528.77,1528.77,1390095
DEMO,2024-04-08T03:45:00Z,1530.8,1537.08,1513.62,1519.85,1519.85,863312
DEMO,2024-04-09T03:45:00Z,1514.24,1547.02,1502.4,1535.01,1535.01,1084780
DEMO,2024-04-10T03:45:00Z,1535.38,1546.4,1507.63,1518.54,1518.54,1216283
DEMO,2024-04-11T03:45:00Z,1527.27,1565.34,1516.39,1554.26,1554.26,1214181
DEMO,2024-04-12T03:45:00Z,1553.38,1603.95,1544.43,1594.76,1594.76,649161
DEMO,2024-04-15T03:45:00Z,1600.99,1609.15,1583.86,1591.98,1591.98,1454011
DEMO,2024-04-16T03:45:00Z,1591.74,1606.63,1558.36,1573.07,1573.07,1173246
DEMO,2024-04-17T03:45:00Z,1575.94,1615.65,1564.95,1604.46,1604.46,1619174
DEMO,2024-04-18T03:45:00Z,1606.68,1621.43,1593.12,1607.85,1607.85,1926022
DEMO,2024-04-19T03:45:00Z,1617.0,1635.25,1594.31,1612.52,1612.52,866105
DEMO,2024-04-22T03:45:00Z,1613.92,1627.9,1603.91,1617.86,1617.86,611353
DEMO,2024-04-23T03:45:00Z,1616.9,1638.23,1609.13,1630.4,1630.4,945489
DEMO,2024-04-24T03:45:00Z,1633.63,1641.53,1613.99,1621.84,1621.84,1306307
DEMO,2024-04-25T03:45:00Z,1620.58,1689.03,1611.58,1679.7,1679.7,1012422
DEMO,2024-04-26T03:45:00Z,1677.82,1695.33,1644.23,1661.57,1661.57,883079
DEMO,2024-04-29T03:45:00Z,1659.88,1667.05,1651.19,1658.36,1658.36,1331923
DEMO,2024-04-30T03:45:00Z,1664.22,1674.71,1641.24,1651.65,1651.65,1624299
DEMO,2024-05-01T03:45:00Z,1651.47,1703.13,1635.21,1686.53,1686.53,1612640
DEMO,2024-05-02T03:45:00Z,1690.55,1707.59,1678.08,1695.09,1695.09,804045
DEMO,2024-05-03T03:45:00Z,1698.31,1716.01,1682.41,1700.09,1700.09,1660985
DEMO,2024-05-06T03:45:00Z,1705.63,1717.8,1691.46,1703.62,1703.62,1263699
DEMO,2024-05-07T03:45:00Z,1697.82,1733.75,1686.64,1722.41,1722.41,1165748
DEMO,2024-05-08T03:45:00Z,1719.46,1729.9,1703.03,1713.44,1713.44,840169
DEMO,2024-05-09T03:45:00Z,1708.66,1714.95,1669.09,1675.26,1675.26,1256425
DEMO,2024-05-10T03:45:00Z,1665.89,1688.48,1654.77,1677.29,1677.29,890072
DEMO,2024-05-13T03:45:00Z,1680.42,1694.87,1655.01,1669.36,1669.36,1224943
DEMO,2024-05-14T03:45:00Z,1667.08,1673.43,1646.44,1652.73,1652.73,1432973
DEMO,2024-05-15T03:45:00Z,1656.42,1666.37,1640.79,1650.71,1650.71,1310998
DEMO,2024-05-16T03:45:00Z,1658.54,1668.37,1644.11,1653.91,1653.91,1315146
DEMO,2024-05-17T03:45:00Z,1656.6,1661.08,1643.95,1648.4,1648.4,862174
DEMO,2024-05-20T03:45:00Z,1649.9,1664.28,1642.38,1656.72,1656.72,1158885
DEMO,2024-05-21T03:45:00Z,1657.32,1666.42,1644.0,1653.08,1653.08,1605758
DEMO,2024-05-22T03:45:00Z,1654.68,1677.26,1646.68,1669.19,1669.19,1359404
DEMO,2024-05-23T03:45:00Z,1673.62,1683.69,1645.33,1655.28,1655.28,824897
DEMO,2024-05-24T03:45:00Z,1651.92,1669.2,1638.63,1655.88,1655.88,1096344
DEMO,2024-05-27T03:45:00Z,1662.49,1680.95,1631.91,1650.22,1650.22,1657721
DEMO,2024-05-28T03:45:00Z,1660.17,1671.55,1652.1,1663.46,1663.46,1391864
DEMO,2024-05-29T03:45:00Z,1665.43,1677.31,1651.53,1663.4,1663.4,1247709
DEMO,2024-05-30T03:45:00Z,1654.1,1668.34,1641.71,1655.93,1655.93,1180909
DEMO,2024-05-31T03:45:00Z,1645.97,1663.69,1637.05,1654.72,1654.72,1092105
DEMO,2024-06-03T03:45:00Z,1658.14,1666.69,1640.65,1649.15,1649.15,919242
DEMO,2024-06-04T03:45:00Z,1650.65,1710.98,1635.05,1694.96,1694.96,1455660
DEMO,2024-06-05T03:45:00Z,1694.63,1713.99,1685.57,1704.88,1704.88,1170632
DEMO,2024-06-06T03:45:00Z,1707.03,1718.47,1683.95,1695.31,1695.31,1136083
DEMO,2024-06-07T03:45:00Z,1698.01,1711.41,1657.73,1670.92,1670.92,1199447
DEMO,2024-06-10T03:45:00Z,1673.58,1682.22,1640.49,1649.0,1649.0,1311276
DEMO,2024-06-11T03:45:00Z,1645.14,1659.53,1639.96,1654.31,1654.31,1516818
DEMO,2024-06-12T03:45:00Z,1649.67,1675.47,1640.36,1666.07,1666.07,911488
DEMO,2024-06-13T03:45:00Z,1672.13,1687.53,1657.71,1673.1,1673.1,1423118
DEMO,2024-06-14T03:45:00Z,1671.68,1686.22,1628.28,1642.57,1642.57,1014501
DEMO,2024-06-17T03:45:00Z,1649.88,1658.51,1636.89,1645.49,1645.49,1333408
DEMO,2024-06-18T03:45:00Z,1639.79,1655.98,1629.0,1645.15,1645.15,898684
DEMO,2024-06-19T03:45:00Z,1645.6,1662.83,1638.22,1655.4,1655.4,1126948
DEMO,2024-06-20T03:45:00Z,1658.05,1664.72,1650.87,1657.54,1657.54,1544106
DEMO,2024-06-21T03:45:00Z,1662.57,1680.18,1650.25,1667.82,1667.82,1099798
DEMO,2024-06-24T03:45:00Z,1668.59,1680.9,1647.29,1659.53,1659.53,1232716
DEMO,2024-06-25T03:45:00Z,1652.27,1673.83,1645.68,1667.17,1667.17,1316542
DEMO,2024-06-26T03:45:00Z,1667.19,1698.26,1653.04,1683.97,1683.97,1067406
DEMO,2024-06-27T03:45:00Z,1683.68,1695.21,1661.29,1672.75,1672.75,1566475
DEMO,2024-06-28T03:45:00Z,1678.0,1700.01,1668.72,1690.65,1690.65,894045
DEMO,2024-07-01T03:45:00Z,1689.17,1701.06,1666.05,1677.86,1677.86,1107153
DEMO,2024-07-02T03:45:00Z,1673.77,1685.36,1643.44,1654.91,1654.91,819336
DEMO,2024-07-03T03:45:00Z,1652.06,1690.6,1644.13,1682.53,1682.53,980365
DEMO,2024-07-04T03:45:00Z,1674.94,1683.11,1652.66,1660.76,1660.76,1280328
DEMO,2024-07-05T03:45:00Z,1658.31,1671.54,1616.32,1629.32,1629.32,1116621
DEMO,2024-07-08T03:45:00Z,1628.81,1640.53,1610.24,1621.91,1621.91,1277642
DEMO,2024-07-09T03:45:00Z,1619.48,1632.74,1584.07,1597.15,1597.15,1156044
DEMO,2024-07-10T03:45:00Z,1594.4,1600.56,1578.33,1584.46,1584.46,1200422
DEMO,2024-07-11T03:45:00Z,1588.33,1610.49,1575.86,1597.95,1597.95,1014479
DEMO,2024-07-12T03:45:00Z,1601.83,1609.56,1584.33,1592.01,1592.01,1055882
DEMO,2024-07-15T03:45:00Z,1597.84,1617.27,1582.78,1602.17,1602.17,706250
DEMO,2024-07-16T03:45:00Z,1613.08,1625.23,1585.41,1597.44,1597.44,1127372
DEMO,2024-07-17T03:45:00Z,1595.08,1610.83,1563.1,1578.69,1578.69,1010098
DEMO,2024-07-18T03:45:00Z,1571.86,1583.81,1561.0,1572.94,1572.94,1011968
DEMO,2024-07-19T03:45:00Z,1569.81,1606.77,1559.78,1596.56,1596.56,888962
DEMO,2024-07-22T03:45:00Z,1594.22,1605.47,1574.25,1585.44,1585.44,1065881
DEMO,2024-07-23T03:45:00Z,1589.8,1605.66,1556.0,1571.68,1571.68,1512168
DEMO,2024-07-24T03:45:00Z,1567.5,1575.73,1534.17,1542.26,1542.26,937828
DEMO,2024-07-25T03:45:00Z,1547.6,1561.77,1537.5,1551.64,1551.64,1128735
DEMO,2024-07-26T03:45:00Z,1549.07,1561.04,1536.5,1548.47,1548.47,614420
DEMO,2024-07-29T03:45:00Z,1550.0,1555.11,1517.34,1522.35,1522.35,1582864
DEMO,2024-07-30T03:45:00Z,1528.07,1548.88,1523.98,1544.75,1544.75,1178658
DEMO,2024-07-31T03:45:00Z,1545.02,1555.79,1499.47,1510.0,1510.0,1634573
DEMO,2024-08-01T03:45:00Z,1509.17,1533.55,1499.92,1524.21,1524.21,830934
DEMO,2024-08-02T03:45:00Z,1525.88,1539.39,1515.49,1528.97,1528.97,1077413
DEMO,2024-08-05T03:45:00Z,1531.99,1547.5,1520.72,1536.2,1536.2,1593071
DEMO,2024-08-06T03:45:00Z,1543.48,1549.5,1507.66,1513.56,1513.56,1060727
DEMO,2024-08-07T03:45:00Z,1505.99,1549.92,1494.91,1538.6,1538.6,1474094
DEMO,2024-08-08T03:45:00Z,1545.1,1550.91,1533.88,1539.66,1539.66,888393
DEMO,2024-08-09T03:45:00Z,1545.0,1564.54,1534.1,1553.58,1553.58,1127662
DEMO,2024-08-12T03:45:00Z,1553.31,1567.02,1510.77,1524.21,1524.21,1070775
DEMO,2024-08-13T03:45:00Z,1528.64,1537.26,1495.95,1504.43,1504.43,1529107
DEMO,2024-08-14T03:45:00Z,1516.71,1565.04,1504.37,1552.41,1552.41,1091524
DEMO,2024-08-15T03:45:00Z,1557.17,1573.54,1550.83,1567.16,1567.16,1200891
DEMO,2024-08-16T03:45:00Z,1559.83,1603.99,1550.59,1594.55,1594.55,1407883
DEMO,2024-08-19T03:45:00Z,1583.92,1612.89,1577.12,1606.0,1606.0,1408399
DEMO,2024-08-20T03:45:00Z,1612.3,1618.23,1590.37,1596.25,1596.25,1031485
DEMO,2024-08-21T03:45:00Z,1601.72,1632.76,1587.28,1618.17,1618.17,1075188
DEMO,2024-08-22T03:45:00Z,1623.8,1640.64,1609.68,1626.5,1626.5,1006108
DEMO,2024-08-23T03:45:00Z,1625.46,1649.74,1615.86,1640.05,1640.05,864801
DEMO,2024-08-26T03:45:00Z,1630.13,1641.95,1597.25,1608.92,1608.92,1312774
DEMO,2024-08-27T03:45:00Z,1604.86,1640.27,1589.25,1624.48,1624.48,1265227
DEMO,2024-08-28T03:45:00Z,1623.97,1662.1,1615.25,1653.21,1653.21,1129894
DEMO,2024-08-29T03:45:00Z,1650.47,1660.71,1633.1,1643.29,1643.29,980743
DEMO,2024-08-30T03:45:00Z,1642.08,1681.01,1631.23,1669.97,1669.97,1102481
DEMO,2024-09-02T03:45:00Z,1665.9,1672.7,1655.33,1662.11,1662.11,1701261
DEMO,2024-09-03T03:45:00Z,1656.63,1666.45,1637.85,1647.61,1647.61,1535406
DEMO,2024-09-04T03:45:00Z,1651.68,1665.49,1629.52,1643.26,1643.26,1711813
DEMO,2024-09-05T03:45:00Z,1643.79,1663.73,1636.85,1656.73,1656.73,1818639
DEMO,2024-09-06T03:45:00Z,1658.26,1672.98,1623.53,1638.07,1638.07,1173982
DEMO,2024-09-09T03:45:00Z,1647.77,1677.6,1636.34,1666.03,1666.03,1466183
DEMO,2024-09-10T03:45:00Z,1669.64,1679.61,1650.47,1660.38,1660.38,1126674
DEMO,2024-09-11T03:45:00Z,1657.44,1668.93,1653.46,1664.93,1664.93,790956
DEMO,2024-09-12T03:45:00Z,1667.46,1679.49,1655.1,1667.13,1667.13,743733
DEMO,2024-09-13T03:45:00Z,1667.54,1676.51,1656.59,1665.55,1665.55,1092359
DEMO,2024-09-16T03:45:00Z,1667.0,1677.53,1645.2,1655.66,1655.66,1306725
DEMO,2024-09-17T03:45:00Z,1661.11,1673.15,1649.18,1661.22,1661.22,1233577
DEMO,2024-09-18T03:45:00Z,1661.8,1682.34,1650.41,1670.89,1670.89,1484431
DEMO,2024-09-19T03:45:00Z,1674.65,1687.14,1655.43,1667.87,1667.87,1044269
DEMO,2024-09-20T03:45:00Z,1665.05,1675.03,1659.06,1669.02,1669.02,1028919
DEMO,2024-09-23T03:45:00Z,1673.93,1682.0,1634.23,1642.15,1642.15,1129004
DEMO,2024-09-24T03:45:00Z,1637.45,1647.77,1610.71,1620.92,1620.92,1555056
DEMO,2024-09-25T03:45:00Z,1619.03,1671.74,1608.78,1661.22,1661.22,1083478
DEMO,2024-09-26T03:45:00Z,1663.54,1672.75,1616.97,1625.98,1625.98,1663805
DEMO,2024-09-27T03:45:00Z,1631.73,1645.83,1614.28,1628.34,1628.34,1217029
DEMO,2024-09-30T03:45:00Z,1625.59,1630.97,1611.97,1617.33,1617.33,1170548
DEMO,2024-10-01T03:45:00Z,1617.92,1632.54,1606.32,1620.92,1620.92,884503
DEMO,2024-10-02T03:45:00Z,1621.35,1632.75,1585.56,1596.79,1596.79,1370837
DEMO,2024-10-03T03:45:00Z,1599.18,1621.14,1585.98,1607.87,1607.87,1553661
DEMO,2024-10-04T03:45:00Z,1604.39,1625.73,1597.1,1618.37,1618.37,1216691
DEMO,2024-10-07T03:45:00Z,1615.53,1636.75,1603.55,1624.69,1624.69,1302986
DEMO,2024-10-08T03:45:00Z,1624.13,1635.51,1604.89,1616.21,1616.21,1312922
DEMO,2024-10-09T03:45:00Z,1614.65,1625.88,1585.1,1596.19,1596.19,1360110
DEMO,2024-10-10T03:45:00Z,1598.45,1608.8,1551.78,1561.88,1561.88,1805479
DEMO,2024-10-11T03:45:00Z,1558.96,1572.23,1537.92,1551.12,1551.12,1847913
DEMO,2024-10-14T03:45:00Z,1548.16,1561.96,1537.75,1551.53,1551.53,1059636
DEMO,2024-10-15T03:45:00Z,1552.82,1561.84,1528.03,1536.96,1536.96,1555270
DEMO,2024-10-16T03:45:00Z,1539.55,1549.93,1518.68,1528.99,1528.99,936063
DEMO,2024-10-17T03:45:00Z,1530.34,1541.03,1516.24,1526.9,1526.9,985077
DEMO,2024-10-18T03:45:00Z,1530.22,1539.11,1521.47,1530.36,1530.36,917548
DEMO,2024-10-21T03:45:00Z,1529.75,1553.13,1520.23,1543.52,1543.52,886868
DEMO,2024-10-22T03:45:00Z,1550.69,1562.33,1534.21,1545.8,1545.8,1059908
DEMO,2024-10-23T03:45:00Z,1542.59,1547.91,1518.04,1523.3,1523.3,935256
DEMO,2024-10-24T03:45:00Z,1523.44,1534.67,1507.98,1519.18,1519.18,1122566
DEMO,2024-10-25T03:45:00Z,1510.43,1524.97,1499.97,1514.48,1514.48,1491229
DEMO,2024-10-28T03:45:00Z,1514.76,1524.22,1451.74,1460.87,1460.87,1189891
DEMO,2024-10-29T03:45:00Z,1459.21,1472.71,1440.58,1454.03,1454.03,1549308
DEMO,2024-10-30T03:45:00Z,1458.44,1464.22,1446.05,1451.8,1451.8,1814738
DEMO,2024-10-31T03:45:00Z,1454.95,1466.41,1443.24,1454.7,1454.7,926777
DEMO,2024-11-01T03:45:00Z,1456.05,1476.71,1439.9,1460.51,1460.51,1097012
DEMO,2024-11-04T03:45:00Z,1456.38,1494.73,1446.47,1484.64,1484.64,1254975
DEMO,2024-11-05T03:45:00Z,1491.49,1507.86,1477.72,1494.06,1494.06,1408069
DEMO,2024-11-06T03:45:00Z,1495.49,1507.09,1475.11,1486.65,1486.65,1372128
DEMO,2024-11-07T03:45:00Z,1483.23,1507.4,1472.08,1496.15,1496.15,1394480
DEMO,2024-11-08T03:45:00Z,1496.95,1529.28,1485.19,1517.36,1517.36,1107103
DEMO,2024-11-11T03:45:00Z,1519.32,1528.83,1485.84,1495.2,1495.2,1059419
DEMO,2024-11-12T03:45:00Z,1498.63,1511.64,1493.83,1506.82,1506.82,942923
DEMO,2024-11-13T03:45:00Z,1512.28,1546.16,1502.7,1536.42,1536.42,1105938
DEMO,2024-11-14T03:45:00Z,1534.24,1544.53,1524.17,1534.46,1534.46,1669192
DEMO,2024-11-15T03:45:00Z,1539.16,1569.1,1531.97,1561.8,1561.8,1214376
DEMO,2024-11-18T03:45:00Z,1565.03,1574.92,1526.35,1536.06,1536.06,1097225
DEMO,2024-11-19T03:45:00Z,1534.76,1542.49,1513.53,1521.19,1521.19,1021681
DEMO,2024-11-20T03:45:00Z,1529.36,1537.62,1499.29,1507.43,1507.43,1199281
DEMO,2024-11-21T03:45:00Z,1507.77,1516.57,1485.53,1494.25,1494.25,1181546
DEMO,2024-11-22T03:45:00Z,1495.1,1519.72,1481.34,1505.86,1505.86,1337652
DEMO,2024-11-25T03:45:00Z,1505.78,1537.36,1497.15,1528.6,1528.6,1165221
DEMO,2024-11-26T03:45:00Z,1527.44,1532.84,1521.77,1527.17,1527.17,1141150
DEMO,2024-11-27T03:45:00Z,1528.8,1535.92,1520.99,1528.11,1528.11,1266536
DEMO,2024-11-28T03:45:00Z,1529.71,1540.35,1522.9,1533.52,1533.52,1242080
DEMO,2024-11-29T03:45:00Z,1540.49,1547.4,1534.38,1541.29,1541.29,1023565
DEMO,2024-12-02T03:45:00Z,1540.56,1546.09,1521.25,1526.73,1526.73,930195
DEMO,2024-12-03T03:45:00Z,1530.41,1538.09,1503.87,1511.45,1511.45,844307
DEMO,2024-12-04T03:45:00Z,1506.25,1517.56,1482.43,1493.64,1493.64,1091815
DEMO,2024-12-05T03:45:00Z,1497.86,1516.14,1487.06,1505.29,1505.29,1823047
DEMO,2024-12-06T03:45:00Z,1514.65,1530.5,1506.02,1521.83,1521.83,1158023
DEMO,2024-12-09T03:45:00Z,1510.86,1527.19,1496.6,1512.91,1512.91,1430377
DEMO,2024-12-10T03:45:00Z,1514.85,1530.98,1503.81,1519.9,1519.9,1385915
DEMO,2024-12-11T03:45:00Z,1524.28,1538.48,1515.1,1529.27,1529.27,1539940
DEMO,2024-12-12T03:45:00Z,1528.02,1561.25,1520.37,1553.47,1553.47,799438
DEMO,2024-12-13T03:45:00Z,1560.98,1573.06,1545.65,1557.71,1557.71,1524799
DEMO,2024-12-16T03:45:00Z,1566.45,1578.01,1534.48,1545.88,1545.88,743598
DEMO,2024-12-17T03:45:00Z,1546.49,1571.4,1536.67,1561.49,1561.49,926527
DEMO,2024-12-18T03:45:00Z,1560.59,1576.1,1532.09,1547.47,1547.47,823619
DEMO,2024-12-19T03:45:00Z,1545.07,1588.29,1536.02,1579.05,1579.05,1055632
DEMO,2024-12-20T03:45:00Z,1577.42,1586.55,1557.57,1566.64,1566.64,1174744
DEMO,2024-12-23T03:45:00Z,1565.26,1576.59,1552.56,1563.88,1563.88,953956
DEMO,2024-12-24T03:45:00Z,1571.29,1600.87,1559.55,1588.99,1588.99,847147
DEMO,2024-12-25T03:45:00Z,1593.86,1604.75,1580.16,1591.03,1591.03,1798221
DEMO,2024-12-26T03:45:00Z,1593.85,1600.87,1573.79,1580.76,1580.76,1101479
DEMO,2024-12-27T03:45:00Z,1589.47,1609.11,1575.5,1595.09,1595.09,1144498
DEMO,2024-12-30T03:45:00Z,1595.27,1611.42,1571.35,1587.42,1587.42,1033255
DEMO,2024-12-31T03:45:00Z,1580.6,1591.08,1554.06,1564.44,1564.44,1244868
DEMO,2025-01-01T03:45:00Z,1561.27,1569.44,1553.2,1561.37,1561.37,995944
DEMO,2025-01-02T03:45:00Z,1567.7,1577.53,1531.49,1541.15,1541.15,1264091
DEMO,2025-01-03T03:45:00Z,1547.83,1560.82,1500.51,1513.2,1513.2,1287846
DEMO,2025-01-06T03:45:00Z,1516.3,1524.01,1503.81,1511.5,1511.5,1235599
DEMO,2025-01-07T03:45:00Z,1506.41,1517.29,1472.17,1482.88,1482.88,1353915
DEMO,2025-01-08T03:45:00Z,1488.03,1502.56,1440.3,1454.5,1454.5,1106875
DEMO,2025-01-09T03:45:00Z,1452.56,1460.9,1437.12,1445.43,1445.43,1504839
DEMO,2025-01-10T03:45:00Z,1446.71,1477.47,1437.4,1468.02,1468.02,1163882
DEMO,2025-01-13T03:45:00Z,1475.06,1483.67,1456.73,1465.28,1465.28,1133508
DEMO,2025-01-14T03:45:00Z,1467.17,1478.58,1459.12,1470.51,1470.51,1107545
DEMO,2025-01-15T03:45:00Z,1469.53,1483.03,1458.44,1471.92,1471.92,1016798
DEMO,2025-01-16T03:45:00Z,1475.89,1481.59,1455.15,1460.79,1460.79,1074757
DEMO,2025-01-17T03:45:00Z,1466.02,1498.68,1455.47,1487.97,1487.97,1024027
DEMO,2025-01-20T03:45:00Z,1484.6,1525.85,1475.55,1516.59,1516.59,943908
DEMO,2025-01-21T03:45:00Z,1522.93,1533.14,1453.81,1463.63,1463.63,1273161
DEMO,2025-01-22T03:45:00Z,1465.19,1498.91,1451.88,1485.42,1485.42,844258
DEMO,2025-01-23T03:45:00Z,1486.28,1499.76,1413.72,1426.66,1426.66,1264495
DEMO,2025-01-24T03:45:00Z,1424.75,1437.22,1414.95,1427.41,1427.41,1296108
DEMO,2025-01-27T03:45:00Z,1429.6,1437.52,1407.07,1414.91,1414.91,949598
DEMO,2025-01-28T03:45:00Z,1415.15,1428.71,1405.22,1418.76,1418.76,1481989
DEMO,2025-01-29T03:45:00Z,1420.01,1436.25,1408.71,1424.91,1424.91,954519
DEMO,2025-01-30T03:45:00Z,1424.51,1457.48,1414.66,1447.48,1447.48,1306444
DEMO,2025-01-31T03:45:00Z,1444.18,1458.07,1435.41,1449.27,1449.27,1420778
DEMO,2025-02-03T03:45:00Z,1454.58,1478.16,1445.58,1469.08,1469.08,1093291
DEMO,2025-02-04T03:45:00Z,1465.96,1474.34,1455.22,1463.58,1463.58,1533706
DEMO,2025-02-05T03:45:00Z,1454.28,1462.22,1433.25,1441.11,1441.11,1306338
DEMO,2025-02-06T03:45:00Z,1436.46,1484.47,1427.7,1475.47,1475.47,1575253
DEMO,2025-02-07T03:45:00Z,1473.8,1519.37,1462.8,1508.11,1508.11,1031288
DEMO,2025-02-10T03:45:00Z,1507.11,1517.66,1472.06,1482.44,1482.44,1205210
DEMO,2025-02-11T03:45:00Z,1479.75,1486.2,1473.11,1479.56,1479.56,1170351
DEMO,2025-02-12T03:45:00Z,1484.98,1496.94,1469.43,1481.36,1481.36,1344352
DEMO,2025-02-13T03:45:00Z,1484.98,1515.15,1477.28,1507.33,1507.33,1061399
DEMO,2025-02-14T03:45:00Z,1508.45,1519.54,1487.58,1498.59,1498.59,974882
DEMO,2025-02-17T03:45:00Z,1498.62,1507.48,1465.64,1474.36,1474.36,1228605
DEMO,2025-02-18T03:45:00Z,1472.64,1486.28,1450.25,1463.81,1463.81,1406922
DEMO,2025-02-19T03:45:00Z,1464.09,1500.62,1455.93,1492.3,1492.3,1101021
DEMO,2025-02-20T03:45:00Z,1499.28,1533.45,1486.7,1520.69,1520.69,1142975
DEMO,2025-02-21T03:45:00Z,1522.49,1532.23,1500.93,1510.59,1510.59,1146180
DEMO,2025-02-24T03:45:00Z,1513.91,1523.27,1478.65,1487.85,1487.85,989423
DEMO,2025-02-25T03:45:00Z,1484.93,1512.98,1470.68,1498.6,1498.6,1208188
DEMO,2025-02-26T03:45:00Z,1498.92,1504.76,1491.67,1497.51,1497.51,1013232
DEMO,2025-02-27T03:45:00Z,1496.69,1529.05,1480.21,1512.4,1512.4,1183294
DEMO,2025-02-28T03:45:00Z,1514.35,1527.33,1497.89,1510.84,1510.84,1008952
DEMO,2025-03-03T03:45:00Z,1501.5,1509.9,1487.39,1495.76,1495.76,904742
DEMO,2025-03-04T03:45:00Z,1497.57,1517.08,1486.06,1505.51,1505.51,1236847
DEMO,2025-03-05T03:45:00Z,1504.32,1511.9,1482.03,1489.54,1489.54,1438408
DEMO,2025-03-06T03:45:00Z,1491.37,1506.46,1482.66,1497.71,1497.71,1274734
DEMO,2025-03-07T03:45:00Z,1493.86,1531.64,1485.38,1522.99,1522.99,818561
DEMO,2025-03-10T03:45:00Z,1523.73,1534.65,1495.15,1505.94,1505.94,1220464
DEMO,2025-03-11T03:45:00Z,1495.7,1505.98,1454.86,1464.93,1464.93,1274474
DEMO,2025-03-12T03:45:00Z,1455.93,1474.39,1443.29,1461.69,1461.69,1149715
DEMO,2025-03-13T03:45:00Z,1457.39,1466.35,1436.17,1445.06,1445.06,1132365
DEMO,2025-03-14T03:45:00Z,1454.57,1466.26,1441.14,1452.82,1452.82,865397
DEMO,2025-03-17T03:45:00Z,1448.56,1462.47,1427.89,1441.74,1441.74,1007541
DEMO,2025-03-18T03:45:00Z,1438.63,1477.02,1429.57,1467.78,1467.78,726360
DEMO,2025-03-19T03:45:00Z,1473.88,1487.76,1414.88,1428.33,1428.33,1002938
DEMO,2025-03-20T03:45:00Z,1438.35,1447.27,1429.3,1438.23,1438.23,1063698
DEMO,2025-03-21T03:45:00Z,1432.14,1440.46,1396.17,1404.33,1404.33,1169570
DEMO,2025-03-24T03:45:00Z,1403.88,1417.35,1366.34,1379.58,1379.58,1980651
DEMO,2025-03-25T03:45:00Z,1388.29,1392.74,1368.06,1372.46,1372.46,1216083
DEMO,2025-03-26T03:45:00Z,1377.48,1389.03,1350.57,1361.98,1361.98,1330679
DEMO,2025-03-27T03:45:00Z,1355.56,1378.65,1344.9,1367.89,1367.89,774982
DEMO,2025-03-28T03:45:00Z,1363.69,1370.79,1353.81,1360.9,1360.9,1189259
DEMO,2025-03-31T03:45:00Z,1365.05,1373.63,1349.13,1357.66,1357.66,1175331
DEMO,2025-04-01T03:45:00Z,1351.97,1379.19,1341.84,1368.93,1368.93,1399920
DEMO,2025-04-02T03:45:00Z,1374.05,1381.79,1338.39,1345.97,1345.97,1020840
DEMO,2025-04-03T03:45:00Z,1345.36,1354.9,1321.88,1331.32,1331.32,1000901
DEMO,2025-04-04T03:45:00Z,1319.38,1323.29,1299.35,1303.2,1303.2,1088298
DEMO,2025-04-07T03:45:00Z,1308.11,1314.97,1287.91,1294.69,1294.69,1629424
DEMO,2025-04-08T03:45:00Z,1293.77,1331.47,1287.07,1324.61,1324.61,1098215
DEMO,2025-04-09T03:45:00Z,1325.91,1360.68,1314.27,1348.84,1348.84,937946
DEMO,2025-04-10T03:45:00Z,1350.39,1393.48,1344.09,1387.01,1387.01,1291368
DEMO,2025-04-11T03:45:00Z,1391.05,1399.24,1359.08,1367.14,1367.14,1191149
DEMO,2025-04-14T03:45:00Z,1369.45,1377.76,1328.66,1336.76,1336.76,943816
DEMO,2025-04-15T03:45:00Z,1338.76,1340.71,1330.97,1332.91,1332.91,1273528
DEMO,2025-04-16T03:45:00Z,1329.16,1355.0,1320.53,1346.26,1346.26,1162624
DEMO,2025-04-17T03:45:00Z,1346.15,1357.53,1326.73,1338.04,1338.04,1117567
DEMO,2025-04-18T03:45:00Z,1334.97,1344.04,1305.51,1314.44,1314.44,973239
DEMO,2025-04-21T03:45:00Z,1309.5,1324.06,1278.17,1292.54,1292.54,1149029
DEMO,2025-04-22T03:45:00Z,1295.6,1305.0,1278.4,1287.74,1287.74,1028936
DEMO,2025-04-23T03:45:00Z,1291.33,1297.01,1271.49,1277.1,1277.1,1488750
DEMO,2025-04-24T03:45:00Z,1270.92,1283.73,1264.63,1277.41,1277.41,1249586
DEMO,2025-04-25T03:45:00Z,1277.38,1291.52,1272.72,1286.83,1286.83,846864
DEMO,2025-04-28T03:45:00Z,1286.54,1318.49,1276.22,1308.0,1308.0,934055
DEMO,2025-04-29T03:45:00Z,1308.04,1342.73,1298.72,1333.23,1333.23,1104491
DEMO,2025-04-30T03:45:00Z,1331.53,1342.11,1320.68,1331.26,1331.26,1189822
DEMO,2025-05-01T03:45:00Z,1334.13,1389.98,1325.45,1381.0,1381.0,1055983
DEMO,2025-05-02T03:45:00Z,1383.03,1427.73,1375.23,1419.73,1419.73,1181489
DEMO,2025-05-05T03:45:00Z,1414.51,1453.96,1405.41,1444.67,1444.67,1193531
DEMO,2025-05-06T03:45:00Z,1447.16,1480.97,1436.86,1470.51,1470.51,1435158
DEMO,2025-05-07T03:45:00Z,1476.18,1488.41,1431.83,1443.79,1443.79,1056013
DEMO,2025-05-08T03:45:00Z,1446.87,1458.29,1413.56,1424.8,1424.8,1903521
DEMO,2025-05-09T03:45:00Z,1426.43,1436.65,1410.58,1420.76,1420.76,1434087
DEMO,2025-05-12T03:45:00Z,1423.68,1451.59,1416.11,1443.9,1443.9,886146
DEMO,2025-05-13T03:45:00Z,1444.31,1458.75,1437.3,1451.7,1451.7,1005953
DEMO,2025-05-14T03:45:00Z,1450.15,1480.16,1440.5,1470.38,1470.38,916565
DEMO,2025-05-15T03:45:00Z,1464.53,1475.58,1438.74,1449.68,1449.68,1317816
DEMO,2025-05-16T03:45:00Z,1449.04,1461.76,1417.23,1429.78,1429.78,1621463
DEMO,2025-05-19T03:45:00Z,1430.46,1441.37,1414.2,1425.06,1425.06,1481088
DEMO,2025-05-20T03:45:00Z,1430.06,1436.88,1392.37,1399.04,1399.04,799219
DEMO,2025-05-21T03:45:00Z,1400.81,1405.44,1383.44,1388.02,1388.02,1397786
DEMO,2025-05-22T03:45:00Z,1384.86,1395.68,1358.34,1369.03,1369.03,1189313
DEMO,2025-05-23T03:45:00Z,1364.17,1370.72,1334.18,1340.62,1340.62,976171
DEMO,2025-05-26T03:45:00Z,1341.98,1351.58,1323.55,1333.09,1333.09,1475752
DEMO,2025-05-27T03:45:00Z,1332.24,1360.63,1323.0,1351.25,1351.25,1116082
DEMO,2025-05-28T03:45:00Z,1356.73,1361.82,1351.29,1356.39,1356.39,1157216
DEMO,2025-05-29T03:45:00Z,1352.71,1388.96,1338.58,1374.59,1374.59,895801
DEMO,2025-05-30T03:45:00Z,1370.68,1394.77,1360.33,1384.32,1384.32,1168487
DEMO,2025-06-02T03:45:00Z,1383.78,1391.49,1369.35,1377.02,1377.02,1707027
DEMO,2025-06-03T03:45:00Z,1374.51,1388.11,1368.55,1382.11,1382.11,1212982
DEMO,2025-06-04T03:45:00Z,1384.58,1394.26,1364.62,1374.23,1374.23,1098591
DEMO,2025-06-05T03:45:00Z,1368.05,1386.87,1359.93,1378.69,1378.69,1446070
DEMO,2025-06-06T03:45:00Z,1376.38,1413.24,1373.14,1409.92,1409.92,1402271
DEMO,2025-06-09T03:45:00Z,1413.26,1420.0,1392.14,1398.81,1398.81,575156
DEMO,2025-06-10T03:45:00Z,1394.12,1423.54,1382.89,1412.17,1412.17,1091749
DEMO,2025-06-11T03:45:00Z,1413.24,1447.73,1403.56,1437.88,1437.88,1196953
DEMO,2025-06-12T03:45:00Z,1440.75,1473.19,1433.36,1465.67,1465.67,1595244
DEMO,2025-06-13T03:45:00Z,1466.32,1482.51,1455.81,1471.96,1471.96,1389523
DEMO,2025-06-16T03:45:00Z,1467.49,1473.9,1459.56,1465.96,1465.96,981626
DEMO,2025-06-17T03:45:00Z,1463.77,1479.52,1453.62,1469.32,1469.32,1155340
DEMO,2025-06-18T03:45:00Z,1472.62,1484.93,1461.51,1473.81,1473.81,1140025
DEMO,2025-06-19T03:45:00Z,1471.91,1492.67,1459.88,1480.56,1480.56,1184823
DEMO,2025-06-20T03:45:00Z,1482.03,1494.92,1456.56,1469.34,1469.34,1149780
DEMO,2025-06-23T03:45:00Z,1471.53,1480.36,1450.53,1459.29,1459.29,1193951
DEMO,2025-06-24T03:45:00Z,1458.16,1462.46,1442.05,1446.32,1446.32,1355189
DEMO,2025-06-25T03:45:00Z,1446.12,1464.08,1438.63,1456.54,1456.54,1157058
DEMO,2025-06-26T03:45:00Z,1459.56,1481.48,1451.09,1472.94,1472.94,1022097
DEMO,2025-06-27T03:45:00Z,1471.39,1481.24,1422.18,1431.77,1431.77,1188476
DEMO,2025-06-30T03:45:00Z,1433.24,1456.95,1419.86,1443.47,1443.47,1098968
DEMO,2025-07-01T03:45:00Z,1444.45,1451.93,1425.62,1433.03,1433.03,1169986
DEMO,2025-07-02T03:45:00Z,1440.56,1455.57,1383.82,1398.39,1398.39,793061
DEMO,2025-07-03T03:45:00Z,1402.1,1410.3,1348.14,1356.07,1356.07,941670
DEMO,2025-07-04T03:45:00Z,1362.86,1372.51,1341.14,1350.7,1350.7,1364111
DEMO,2025-07-07T03:45:00Z,1361.31,1369.36,1342.49,1350.47,1350.47,1000556
DEMO,2025-07-08T03:45:00Z,1358.28,1368.31,1339.81,1349.78,1349.78,835837
DEMO,2025-07-09T03:45:00Z,1349.8,1365.82,1345.92,1361.9,1361.9,1169399
DEMO,2025-07-10T03:45:00Z,1365.52,1392.22,1352.35,1378.93,1378.93,1229069
DEMO,2025-07-11T03:45:00Z,1379.61,1387.93,1373.09,1381.39,1381.39,1220266
DEMO,2025-07-14T03:45:00Z,1377.71,1389.0,1371.01,1382.28,1382.28,1176683
DEMO,2025-07-15T03:45:00Z,1379.76,1388.31,1362.18,1370.67,1370.67,1101680
DEMO,2025-07-16T03:45:00Z,1370.2,1386.93,1362.26,1378.94,1378.94,1113176
DEMO,2025-07-17T03:45:00Z,1375.33,1386.14,1368.39,1379.18,1379.18,1068156
DEMO,2025-07-18T03:45:00Z,1377.22,1414.07,1364.84,1401.47,1401.47,878985
DEMO,2025-07-21T03:45:00Z,1406.95,1416.97,1366.76,1376.56,1376.56,830769
DEMO,2025-07-22T03:45:00Z,1379.49,1389.39,1360.92,1370.76,1370.76,894284
DEMO,2025-07-23T03:45:00Z,1367.7,1380.2,1364.1,1376.57,1376.57,955828
DEMO,2025-07-24T03:45:00Z,1380.1,1393.83,1375.03,1388.72,1388.72,1988338
DEMO,2025-07-25T03:45:00Z,1390.39,1396.03,1377.94,1383.56,1383.56,1474133
DEMO,2025-07-28T03:45:00Z,1380.28,1407.2,1368.1,1394.89,1394.89,1676414
DEMO,2025-07-29T03:45:00Z,1391.53,1410.63,1383.49,1402.52,1402.52,1320448
DEMO,2025-07-30T03:45:00Z,1399.63,1430.41,1393.96,1424.63,1424.63,1084378
DEMO,2025-07-31T03:45:00Z,1420.77,1436.44,1413.47,1429.1,1429.1,1090515
DEMO,2025-08-01T03:45:00Z,1416.76,1437.54,1412.81,1433.54,1433.54,979943
DEMO,2025-08-04T03:45:00Z,1437.81,1445.65,1429.1,1436.94,1436.94,1577533
DEMO,2025-08-05T03:45:00Z,1438.09,1461.08,1425.4,1448.3,1448.3,1971245
DEMO,2025-08-06T03:45:00Z,1449.02,1461.77,1437.23,1449.96,1449.96,1346737
DEMO,2025-08-07T03:45:00Z,1451.57,1464.37,1441.9,1454.68,1454.68,930347
DEMO,2025-08-08T03:45:00Z,1462.43,1492.95,1455.52,1485.93,1485.93,1406369
DEMO,2025-08-11T03:45:00Z,1485.32,1496.48,1477.46,1488.6,1488.6,1065460
DEMO,2025-08-12T03:45:00Z,1489.09,1509.13,1477.61,1497.58,1497.58,1756430
DEMO,2025-08-13T03:45:00Z,1492.06,1530.71,1482.46,1520.93,1520.93,1712053
DEMO,2025-08-14T03:45:00Z,1524.0,1535.02,1510.58,1521.58,1521.58,977660
DEMO,2025-08-15T03:45:00Z,1521.55,1531.61,1496.54,1506.49,1506.49,1303833
DEMO,2025-08-18T03:45:00Z,1506.04,1516.42,1492.17,1502.53,1502.53,1337691
DEMO,2025-08-19T03:45:00Z,1509.65,1516.73,1470.97,1477.9,1477.9,2034800
DEMO,2025-08-20T03:45:00Z,1478.29,1487.78,1457.7,1467.12,1467.12,1046417
DEMO,2025-08-21T03:45:00Z,1469.76,1515.2,1452.12,1497.23,1497.23,969708
DEMO,2025-08-22T03:45:00Z,1491.38,1528.06,1484.59,1521.14,1521.14,1256181
DEMO,2025-08-25T03:45:00Z,1527.82,1543.01,1504.1,1519.2,1519.2,1743425
DEMO,2025-08-26T03:45:00Z,1520.21,1545.57,1509.98,1535.24,1535.24,1219138
DEMO,2025-08-27T03:45:00Z,1541.1,1552.22,1512.73,1523.72,1523.72,1181011
DEMO,2025-08-28T03:45:00Z,1525.64,1532.69,1504.6,1511.59,1511.59,1288965
DEMO,2025-08-29T03:45:00Z,1508.33,1544.83,1495.99,1532.3,1532.3,827566
DEMO,2025-09-01T03:45:00Z,1537.8,1546.13,1526.33,1534.64,1534.64,918162
DEMO,2025-09-02T03:45:00Z,1537.39,1558.73,1530.18,1551.45,1551.45,1126757
DEMO,2025-09-03T03:45:00Z,1557.93,1567.88,1539.18,1549.08,1549.08,1343947
DEMO,2025-09-04T03:45:00Z,1543.73,1552.19,1523.26,1531.66,1531.66,857707
DEMO,2025-09-05T03:45:00Z,1530.68,1574.86,1519.45,1563.39,1563.39,1307317
DEMO,2025-09-08T03:45:00Z,1560.27,1567.95,1541.35,1548.98,1548.98,1065936
DEMO,2025-09-09T03:45:00Z,1550.38,1572.6,1538.07,1560.21,1560.21,1115082
DEMO,2025-09-10T03:45:00Z,1565.27,1620.19,1555.79,1610.43,1610.43,1211511
DEMO,2025-09-11T03:45:00Z,1614.42,1622.72,1584.9,1593.09,1593.09,1263945
DEMO,2025-09-12T03:45:00Z,1594.25,1622.99,1585.48,1614.12,1614.12,1375366
DEMO,2025-09-15T03:45:00Z,1611.22,1655.72,1598.16,1642.41,1642.41,1576947
DEMO,2025-09-16T03:45:00Z,1648.64,1675.86,1642.13,1669.27,1669.27,1013328
DEMO,2025-09-17T03:45:00Z,1672.35,1687.95,1664.45,1680.02,1680.02,1287838
DEMO,2025-09-18T03:45:00Z,1686.57,1694.73,1651.59,1659.62,1659.62,1261332
DEMO,2025-09-19T03:45:00Z,1664.66,1684.58,1654.35,1674.21,1674.21,1349133
DEMO,2025-09-22T03:45:00Z,1673.66,1682.14,1660.46,1668.91,1668.91,1193711
DEMO,2025-09-23T03:45:00Z,1670.26,1694.96,1662.55,1687.16,1687.16,1381283
DEMO,2025-09-24T03:45:00Z,1681.94,1699.52,1673.31,1690.85,1690.85,1555120
DEMO,2025-09-25T03:45:00Z,1684.44,1714.58,1677.65,1707.7,1707.7,1231139
DEMO,2025-09-26T03:45:00Z,1715.2,1730.04,1682.39,1697.07,1697.07,1364670
DEMO,2025-09-29T03:45:00Z,1702.39,1713.66,1689.65,1700.9,1700.9,1034275
DEMO,2025-09-30T03:45:00Z,1702.01,1727.27,1688.96,1714.12,1714.12,963745
DEMO,2025-10-01T03:45:00Z,1716.64,1729.11,1698.29,1710.72,1710.72,1813691
DEMO,2025-10-02T03:45:00Z,1712.42,1723.78,1700.93,1712.29,1712.29,838313
DEMO,2025-10-03T03:45:00Z,1713.13,1734.13,1701.82,1722.76,1722.76,1461547
DEMO,2025-10-06T03:45:00Z,1724.17,1751.22,1712.47,1739.42,1739.42,1172976
DEMO,2025-10-07T03:45:00Z,1742.5,1757.79,1732.99,1748.25,1748.25,1243237
DEMO,2025-10-08T03:45:00Z,1752.76,1792.66,1739.11,1778.8,1778.8,1445302
DEMO,2025-10-09T03:45:00Z,1776.73,1790.83,1758.75,1772.82,1772.82,1082139
DEMO,2025-10-10T03:45:00Z,1776.15,1790.58,1747.87,1762.18,1762.18,1653861
DEMO,2025-10-13T03:45:00Z,1766.01,1826.96,1756.41,1817.09,1817.09,1118985
DEMO,2025-10-14T03:45:00Z,1806.83,1842.3,1793.28,1828.59,1828.59,1531369
DEMO,2025-10-15T03:45:00Z,1824.87,1840.21,1803.96,1819.25,1819.25,1051108
DEMO,2025-10-16T03:45:00Z,1822.77,1850.06,1808.13,1835.32,1835.32,1591726
DEMO,2025-10-17T03:45:00Z,1836.67,1846.04,1807.88,1817.15,1817.15,1217041
DEMO,2025-10-20T03:45:00Z,1820.57,1835.88,1794.65,1809.86,1809.86,1077553
DEMO,2025-10-21T03:45:00Z,1811.85,1826.37,1777.26,1791.62,1791.62,1464191
DEMO,2025-10-22T03:45:00Z,1794.5,1805.13,1747.3,1757.71,1757.71,1453868
DEMO,2025-10-23T03:45:00Z,1758.5,1809.12,1744.96,1795.29,1795.29,788879
DEMO,2025-10-24T03:45:00Z,1807.1,1820.8,1766.13,1779.62,1779.62,1159767
DEMO,2025-10-27T03:45:00Z,1777.13,1791.18,1739.51,1753.38,1753.38,1129720
DEMO,2025-10-28T03:45:00Z,1759.43,1771.37,1745.31,1757.24,1757.24,1387820
DEMO,2025-10-29T03:45:00Z,1759.06,1769.97,1738.53,1749.38,1749.38,1342019
DEMO,2025-10-30T03:45:00Z,1753.09,1762.13,1746.11,1755.14,1755.14,1000037
DEMO,2025-10-31T03:45:00Z,1758.12,1765.91,1730.43,1738.13,1738.13,971848
DEMO,2025-11-03T03:45:00Z,1724.84,1738.13,1708.69,1721.96,1721.96,1629841
DEMO,2025-11-04T03:45:00Z,1714.08,1731.13,1703.66,1720.67,1720.67,1105874
DEMO,2025-11-05T03:45:00Z,1721.43,1734.57,1690.68,1703.68,1703.68,1225158
DEMO,2025-11-06T03:45:00Z,1710.18,1740.86,1697.33,1727.87,1727.87,1260659
DEMO,2025-11-07T03:45:00Z,1731.68,1748.19,1721.97,1738.44,1738.44,1450456
DEMO,2025-11-10T03:45:00Z,1745.41,1764.16,1737.55,1756.26,1756.26,1096005
DEMO,2025-11-11T03:45:00Z,1756.4,1783.8,1746.41,1773.72,1773.72,1233006
DEMO,2025-11-12T03:45:00Z,1765.56,1777.08,1748.64,1760.13,1760.13,1165716
DEMO,2025-11-13T03:45:00Z,1763.18,1770.04,1744.82,1751.63,1751.63,1182300
DEMO,2025-11-14T03:45:00Z,1747.74,1772.29,1735.32,1759.78,1759.78,1209852
DEMO,2025-11-17T03:45:00Z,1761.04,1768.05,1751.77,1758.78,1758.78,813035
DEMO,2025-11-18T03:45:00Z,1760.4,1777.19,1743.8,1760.59,1760.59,1309611
DEMO,2025-11-19T03:45:00Z,1769.65,1782.54,1738.32,1751.07,1751.07,989880
DEMO,2025-11-20T03:45:00Z,1753.29,1761.33,1742.37,1750.39,1750.39,787350
DEMO,2025-11-21T03:45:00Z,1753.31,1771.1,1724.54,1742.21,1742.21,1460858
DEMO,2025-11-24T03:45:00Z,1748.69,1752.48,1730.58,1734.34,1734.34,966764
DEMO,2025-11-25T03:45:00Z,1730.05,1743.03,1713.77,1726.72,1726.72,948701
DEMO,2025-11-26T03:45:00Z,1733.01,1757.1,1721.42,1745.44,1745.44,1156833
DEMO,2025-11-27T03:45:00Z,1742.27,1748.17,1720.87,1726.72,1726.72,1244864
DEMO,2025-11-28T03:45:00Z,1732.46,1747.8,1716.76,1732.1,1732.1,1536971
DEMO,2025-12-01T03:45:00Z,1732.22,1754.71,1722.08,1744.5,1744.5,1248672
DEMO,2025-12-02T03:45:00Z,1734.51,1765.45,1721.5,1752.31,1752.31,1542584
DEMO,2025-12-03T03:45:00Z,1759.5,1788.57,1750.77,1779.73,1779.73,1691480
DEMO,2025-12-04T03:45:00Z,1785.93,1817.21,1774.58,1805.73,1805.73,896808
DEMO,2025-12-05T03:45:00Z,1821.08,1833.34,1783.0,1795.09,1795.09,688642
DEMO,2025-12-08T03:45:00Z,1792.55,1807.08,1767.36,1781.8,1781.8,1319687
DEMO,2025-12-09T03:45:00Z,1784.17,1826.48,1769.56,1811.64,1811.64,1030292
DEMO,2025-12-10T03:45:00Z,1800.23,1814.87,1790.75,1805.36,1805.36,1606963
DEMO,2025-12-11T03:45:00Z,1817.0,1823.97,1799.73,1806.66,1806.66,1291881
DEMO,2025-12-12T03:45:00Z,1811.66,1836.89,1798.97,1824.11,1824.11,1080819
DEMO,2025-12-15T03:45:00Z,1827.82,1840.63,1778.34,1790.9,1790.9,986837
DEMO,2025-12-16T03:45:00Z,1786.3,1798.36,1776.11,1788.16,1788.16,1190700
DEMO,2025-12-17T03:45:00Z,1781.39,1794.84,1754.83,1768.18,1768.18,1074467
DEMO,2025-12-18T03:45:00Z,1753.07,1763.21,1743.69,1753.82,1753.82,1214893
DEMO,2025-12-19T03:45:00Z,1752.62,1763.25,1746.82,1757.44,1757.44,1049176
DEMO,2025-12-22T03:45:00Z,1757.15,1782.94,1745.17,1770.87,1770.87,1057013
DEMO,2025-12-23T03:45:00Z,1764.57,1774.87,1747.04,1757.3,1757.3,917455
DEMO,2025-12-24T03:45:00Z,1761.21,1774.95,1713.22,1726.69,1726.69,1195253
DEMO,2025-12-25T03:45:00Z,1734.59,1747.03,1694.13,1706.37,1706.37,1187556
DEMO,2025-12-26T03:45:00Z,1702.34,1714.99,1683.08,1695.68,1695.68,1308824
DEMO,2025-12-29T03:45:00Z,1694.65,1731.41,1682.57,1719.16,1719.16,1222799
DEMO,2025-12-30T03:45:00Z,1715.9,1726.1,1693.39,1703.52,1703.52,1366484
DEMO,2025-12-31T03:45:00Z,1706.73,1725.18,1694.5,1712.9,1712.9,1275452
DEMO,2026-01-01T03:45:00Z,1711.18,1731.79,1703.02,1723.58,1723.58,1049819
DEMO,2026-01-02T03:45:00Z,1716.66,1758.08,1705.57,1746.79,1746.79,1319932
DEMO,2026-01-05T03:45:00Z,1742.44,1759.74,1730.68,1747.94,1747.94,1112432
DEMO,2026-01-06T03:45:00Z,1737.44,1754.58,1726.47,1743.58,1743.58,1167196
DEMO,2026-01-07T03:45:00Z,1742.56,1764.92,1729.58,1751.87,1751.87,1144744
DEMO,2026-01-08T03:45:00Z,1756.4,1767.82,1734.31,1745.66,1745.66,1655414
DEMO,2026-01-09T03:45:00Z,1740.95,1749.95,1708.73,1717.61,1717.61,1027604
DEMO,2026-01-12T03:45:00Z,1716.58,1733.48,1704.4,1721.26,1721.26,1046100
DEMO,2026-01-13T03:45:00Z,1726.54,1738.72,1692.04,1704.06,1704.06,1013577
DEMO,2026-01-14T03:45:00Z,1710.56,1755.94,1700.84,1746.02,1746.02,963574
DEMO,2026-01-15T03:45:00Z,1746.78,1755.31,1738.89,1747.42,1747.42,1551770
DEMO,2026-01-16T03:45:00Z,1738.7,1758.74,1722.84,1742.84,1742.84,1299191
DEMO,2026-01-19T03:45:00Z,1750.08,1780.86,1740.71,1771.38,1771.38,1473573
DEMO,2026-01-20T03:45:00Z,1771.62,1782.11,1723.89,1734.16,1734.16,915916
DEMO,2026-01-21T03:45:00Z,1733.22,1762.8,1718.81,1748.26,1748.26,901293
DEMO,2026-01-22T03:45:00Z,1744.21,1779.75,1728.34,1763.71,1763.71,1333823
DEMO,2026-01-23T03:45:00Z,1759.1,1791.53,1746.08,1778.36,1778.36,1650950
DEMO,2026-01-26T03:45:00Z,1774.52,1790.15,1754.77,1770.36,1770.36,1094692
DEMO,2026-01-27T03:45:00Z,1768.43,1783.13,1750.92,1765.59,1765.59,1374244
DEMO,2026-01-28T03:45:00Z,1770.26,1777.88,1749.74,1757.3,1757.3,1494215
DEMO,2026-01-29T03:45:00Z,1760.07,1778.78,1752.61,1771.27,1771.27,1281281
DEMO,2026-01-30T03:45:00Z,1777.22,1792.66,1723.57,1738.66,1738.66,1247700
DEMO,2026-02-02T03:45:00Z,1742.2,1750.91,1712.85,1721.45,1721.45,1176491
DEMO,2026-02-03T03:45:00Z,1728.18,1755.05,1719.56,1746.35,1746.35,1140062
DEMO,2026-02-04T03:45:00Z,1748.59,1776.49,1733.8,1761.58,1761.58,968879
DEMO,2026-02-05T03:45:00Z,1761.87,1779.77,1754.82,1772.67,1772.67,1076662
DEMO,2026-02-06T03:45:00Z,1776.46,1793.1,1765.61,1782.22,1782.22,1103907
DEMO,2026-02-09T03:45:00Z,1793.78,1802.55,1764.96,1773.63,1773.63,853456
DEMO,2026-02-10T03:45:00Z,1779.09,1807.73,1769.24,1797.78,1797.78,1255968
DEMO,2026-02-11T03:45:00Z,1799.66,1812.26,1762.29,1774.72,1774.72,1388496
DEMO,2026-02-12T03:45:00Z,1780.93,1793.0,1750.96,1762.91,1762.91,1455218
DEMO,2026-02-13T03:45:00Z,1764.11,1816.5,1750.94,1803.04,1803.04,1030435
DEMO,2026-02-16T03:45:00Z,1801.64,1813.57,1781.72,1793.6,1793.6,2072276
DEMO,2026-02-17T03:45:00Z,1786.56,1825.82,1779.06,1818.19,1818.19,908244
DEMO,2026-02-18T03:45:00Z,1825.01,1862.23,1815.7,1852.79,1852.79,1251706
DEMO,2026-02-19T03:45:00Z,1856.8,1886.04,1849.4,1878.55,1878.55,1333239
DEMO,2026-02-20T03:45:00Z,1875.86,1880.92,1854.52,1859.53,1859.53,848334
DEMO,2026-02-23T03:45:00Z,1855.82,1896.98,1840.25,1881.2,1881.2,1420744
DEMO,2026-02-24T03:45:00Z,1890.52,1897.22,1855.35,1861.95,1861.95,1252355
DEMO,2026-02-25T03:45:00Z,1860.59,1889.13,1853.68,1882.14,1882.14,1609422
DEMO,2026-02-26T03:45:00Z,1876.65,1891.17,1833.54,1847.84,1847.84,1199780
DEMO,2026-02-27T03:45:00Z,1838.19,1849.65,1830.01,1841.45,1841.45,1089107
DEMO,2026-03-02T03:45:00Z,1841.28,1849.55,1823.52,1831.74,1831.74,1388641
DEMO,2026-03-03T03:45:00Z,1831.5,1862.41,1819.35,1850.13,1850.13,1251706
DEMO,2026-03-04T03:45:00Z,1856.28,1898.2,1842.68,1884.39,1884.39,1430063
DEMO,2026-03-05T03:45:00Z,1886.75,1903.91,1876.43,1893.55,1893.55,1220574
DEMO,2026-03-06T03:45:00Z,1893.47,1928.9,1880.74,1916.02,1916.02,1091149
DEMO,2026-03-09T03:45:00Z,1905.99,1961.87,1896.55,1952.21,1952.21,885375
DEMO,2026-03-10T03:45:00Z,1952.79,1963.71,1939.33,1950.23,1950.23,1080974
DEMO,2026-03-11T03:45:00Z,1946.75,1971.76,1936.47,1961.39,1961.39,1645018
DEMO,2026-03-12T03:45:00Z,1960.53,1976.34,1913.64,1929.2,1929.2,1250824
DEMO,2026-03-13T03:45:00Z,1922.01,1960.34,1912.56,1950.75,1950.75,1377109
DEMO,2026-03-16T03:45:00Z,1956.52,1964.89,1941.35,1949.69,1949.69,948371
DEMO,2026-03-17T03:45:00Z,1943.23,1970.96,1926.0,1953.63,1953.63,1409000
DEMO,2026-03-18T03:45:00Z,1956.66,1981.53,1947.67,1972.48,1972.48,1049842
DEMO,2026-03-19T03:45:00Z,1967.28,1976.48,1933.29,1942.37,1942.37,1056826
DEMO,2026-03-20T03:45:00Z,1952.64,1973.37,1938.02,1958.7,1958.7,1496514
DEMO,2026-03-23T03:45:00Z,1964.58,2009.09,1952.58,1996.9,1996.9,1107075
DEMO,2026-03-24T03:45:00Z,1991.05,2029.08,1971.12,2008.97,2008.97,770664
DEMO,2026-03-25T03:45:00Z,2003.6,2023.8,1983.24,2003.43,2003.43,1484638
DEMO,2026-03-26T03:45:00Z,1999.07,2014.69,1987.89,2003.49,2003.49,1120611
DEMO,2026-03-27T03:45:00Z,1996.96,2044.58,1985.95,2033.37,2033.37,1204449
DEMO,2026-03-30T03:45:00Z,2041.12,2057.63,1999.7,2016.01,2016.01,1358965
DEMO,2026-03-31T03:45:00Z,2019.49,2030.67,1988.22,1999.29,1999.29,1466164
DEMO,2026-04-01T03:45:00Z,2006.63,2026.63,1951.06,1970.7,1970.7,1428931
DEMO,2026-04-02T03:45:00Z,1972.57,2021.42,1955.15,2003.73,2003.73,1028884
DEMO,2026-04-03T03:45:00Z,1996.39,2011.54,1967.41,1982.45,1982.45,1194905
DEMO,2026-04-06T03:45:00Z,1977.91,1987.79,1949.63,1959.42,1959.42,1002816
DEMO,2026-04-07T03:45:00Z,1966.39,1981.37,1913.29,1927.97,1927.97,1058137
DEMO,2026-04-08T03:45:00Z,1931.87,1951.74,1909.53,1929.37,1929.37,944978
DEMO,2026-04-09T03:45:00Z,1933.07,1969.8,1919.59,1956.16,1956.16,1514954
DEMO,2026-04-10T03:45:00Z,1954.27,1997.68,1936.21,1979.39,1979.39,894361
DEMO,2026-04-13T03:45:00Z,1979.57,1990.84,1968.72,1979.99,1979.99,968164
DEMO,2026-04-14T03:45:00Z,1986.32,1994.17,1946.12,1953.84,1953.84,1191191
DEMO,2026-04-15T03:45:00Z,1947.2,1980.37,1935.54,1968.58,1968.58,1164902
DEMO,2026-04-16T03:45:00Z,1969.53,2005.16,1958.9,1994.4,1994.4,1429928
DEMO,2026-04-17T03:45:00Z,1994.59,2036.45,1976.56,2018.21,2018.21,1221643
DEMO,2026-04-20T03:45:00Z,2026.02,2036.79,1981.12,1991.71,1991.71,1849254
DEMO,2026-04-21T03:45:00Z,2006.92,2013.06,1951.95,1957.94,1957.94,988550
DEMO,2026-04-22T03:45:00Z,1963.13,1971.07,1933.18,1941.03,1941.03,1159173
DEMO,2026-04-23T03:45:00Z,1945.95,1960.35,1930.57,1944.97,1944.97,1738624
DEMO,2026-04-24T03:45:00Z,1945.01,1970.3,1929.96,1955.17,1955.17,1624587
DEMO,2026-04-27T03:45:00Z,1963.4,1988.04,1949.16,1973.73,1973.73,1125221
DEMO,2026-04-28T03:45:00Z,1982.48,1999.15,1955.5,1972.09,1972.09,1474503
DEMO,2026-04-29T03:45:00Z,1968.7,1981.92,1932.79,1945.86,1945.86,870058
DEMO,2026-04-30T03:45:00Z,1946.32,1964.47,1934.95,1953.05,1953.05,1603056
DEMO,2026-05-01T03:45:00Z,1963.29,1977.74,1921.76,1936.01,1936.01,1642800
DEMO,2026-05-04T03:45:00Z,1943.46,1957.41,1896.54,1910.26,1910.26,1380878
DEMO,2026-05-05T03:45:00Z,1905.04,1910.55,1868.69,1874.11,1874.11,1295082
DEMO,2026-05-06T03:45:00Z,1874.28,1877.67,1853.24,1856.59,1856.59,1094744
DEMO,2026-05-07T03:45:00Z,1862.76,1872.87,1840.38,1850.43,1850.43,1684172
DEMO,2026-05-08T03:45:00Z,1854.52,1861.47,1803.29,1810.08,1810.08,1212300
DEMO,2026-05-11T03:45:00Z,1816.14,1827.35,1792.17,1803.3,1803.3,1219444
DEMO,2026-05-12T03:45:00Z,1808.13,1820.57,1753.69,1765.84,1765.84,1227163
DEMO,2026-05-13T03:45:00Z,1762.73,1790.82,1749.45,1777.43,1777.43,1200216
DEMO,2026-05-14T03:45:00Z,1777.32,1790.74,1759.39,1772.78,1772.78,917478
DEMO,2026-05-15T03:45:00Z,1768.62,1790.04,1761.62,1782.98,1782.98,1205233
DEMO,2026-05-18T03:45:00Z,1781.03,1793.81,1768.99,1781.76,1781.76,1860482
DEMO,2026-05-19T03:45:00Z,1779.04,1815.54,1771.11,1807.48,1807.48,1150522
DEMO,2026-05-20T03:45:00Z,1806.57,1832.83,1796.37,1822.54,1822.54,1278334
DEMO,2026-05-21T03:45:00Z,1823.32,1851.64,1813.55,1841.78,1841.78,909383
DEMO,2026-05-22T03:45:00Z,1841.26,1859.1,1800.39,1818.01,1818.01,1204352
DEMO,2026-05-25T03:45:00Z,1811.45,1867.11,1801.39,1856.8,1856.8,1335038
DEMO,2026-05-26T03:45:00Z,1856.08,1866.59,1833.89,1844.34,1844.34,965520
DEMO,2026-05-27T03:45:00Z,1848.67,1864.98,1789.66,1805.59,1805.59,1139229
DEMO,2026-05-28T03:45:00Z,1818.55,1829.15,1787.26,1797.74,1797.74,1185466
DEMO,2026-05-29T03:45:00Z,1799.53,1814.61,1783.81,1798.89,1798.89,1226799
DEMO,2026-06-01T03:45:00Z,1795.03,1808.65,1741.5,1754.81,1754.81,1006573
DEMO,2026-06-02T03:45:00Z,1747.36,1758.37,1731.89,1742.88,1742.88,1162256
DEMO,2026-06-03T03:45:00Z,1753.1,1790.54,1743.44,1780.73,1780.73,1393568
DEMO,2026-06-04T03:45:00Z,1783.61,1792.49,1771.23,1780.09,1780.09,1045935
DEMO,2026-06-05T03:45:00Z,1777.93,1802.5,1767.67,1792.16,1792.16,663190
DEMO,2026-06-08T03:45:00Z,1787.87,1824.62,1773.77,1810.34,1810.34,912230
DEMO,2026-06-09T03:45:00Z,1807.82,1830.22,1799.75,1822.09,1822.09,854730
DEMO,2026-06-10T03:45:00Z,1826.76,1832.62,1812.47,1818.3,1818.3,924919
DEMO,2026-06-11T03:45:00Z,1816.78,1833.37,1807.77,1824.33,1824.33,856183
DEMO,2026-06-12T03:45:00Z,1821.82,1867.33,1809.61,1854.9,1854.9,852569
DEMO,2026-06-15T03:45:00Z,1832.65,1902.74,1662.65,1728.77,1728.77,5378183
DEMO,2026-06-16T03:45:00Z,1725.83,1760.78,1658.19,1692.47,1692.47,2674247
DEMO,2026-06-17T03:45:00Z,1689.55,1697.49,1667.65,1675.53,1675.53,1326304
DEMO,2026-06-18T03:45:00Z,1679.81,1702.06,1652.62,1674.79,1674.79,912047
DEMO,2026-06-19T03:45:00Z,1671.61,1691.77,1616.04,1635.78,1635.78,1140657
DEMO,2026-06-22T03:45:00Z,1642.47,1685.12,1628.49,1670.9,1670.9,844519
DEMO,2026-06-23T03:45:00Z,1672.16,1695.0,1659.65,1682.42,1682.42,1527724
DEMO,2026-06-24T03:45:00Z,1682.57,1689.89,1653.51,1660.74,1660.74,1211120
DEMO,2026-06-25T03:45:00Z,1659.64,1676.02,1653.12,1669.46,1669.46,1014767
DEMO,2026-06-26T03:45:00Z,1675.04,1703.74,1665.28,1693.86,1693.86,1431450
DEMO,2026-06-29T03:45:00Z,1699.87,1758.61,1689.38,1747.82,1747.82,1671639
DEMO,2026-06-30T03:45:00Z,1751.84,1766.21,1731.83,1746.15,1746.15,1050837
